codice_cliente,raccomandazione_nba,"pitch_suggestion"
9587,Casa,"Gentile Gianpaolo, le scrivo da Vita Sicura. Incendi, allagamenti, furti: la polizza Casa Serena la protegge da ogni imprevisto domestico. Lei è già nostra cliente e potremmo proporle condizioni vantaggiose."
9588,Casa+Salute+Pip,"Buongiorno Berenice, la chiamo da Vita Sicura. Le nostre analisi indicano un'opportunità perfetta per lei: un pacchetto completo con assicurazione casa, salute e piano pensionistico. Sono soluzioni che si integrano perfettamente con il suo profilo. Lei è già nostra cliente e potremmo proporle condizioni vantaggiose."
9674,Casa+Salute+Pip,"Gentile Mario, le scrivo da Vita Sicura. Le nostre analisi indicano un'opportunità perfetta per lei: un pacchetto completo con assicurazione casa, salute e piano pensionistico. Sono soluzioni che si integrano perfettamente con il suo profilo. Lei è già nostra cliente e potremmo proporle condizioni vantaggiose."
9698,Casa+Salute+Pip,"Salve Gian, sono un consulente di Vita Sicura. Le nostre analisi indicano un'opportunità perfetta per lei: un pacchetto completo con assicurazione casa, salute e piano pensionistico. Sono soluzioni che si integrano perfettamente con il suo profilo. Lei è già nostra cliente e potremmo proporle condizioni vantaggiose."
9882,Casa+Salute+Pip,"Gentile Massimiliano, le scrivo da Vita Sicura. Le nostre analisi indicano un'opportunità perfetta per lei: un pacchetto completo con assicurazione casa, salute e piano pensionistico. Sono soluzioni che si integrano perfettamente con il suo profilo. Lei è già nostra cliente e potremmo proporle condizioni vantaggiose."
10065,Casa+Salute+Pip,"Gentile Eliana, le scrivo da Vita Sicura. Le nostre analisi indicano un'opportunità perfetta per lei: un pacchetto completo con assicurazione casa, salute e piano pensionistico. Sono soluzioni che si integrano perfettamente con il suo profilo. Lei è già nostra cliente e potremmo proporle condizioni vantaggiose."
10080,Casa+Salute+Pip,"Buongiorno Fabrizio, la chiamo da Vita Sicura. Le nostre analisi indicano un'opportunità perfetta per lei: un pacchetto completo con assicurazione casa, salute e piano pensionistico. Sono soluzioni che si integrano perfettamente con il suo profilo. Lei è già nostra cliente e potremmo proporle condizioni vantaggiose."
10138,Casa+Salute+Pip,"Gentile Annetta, le scrivo da Vita Sicura. Le nostre analisi indicano un'opportunità perfetta per lei: un pacchetto completo con assicurazione casa, salute e piano pensionistico. Sono soluzioni che si integrano perfettamente con il suo profilo. Lei è già nostra cliente e potremmo proporle condizioni vantaggiose."
10252,Casa+Salute+Pip,"Buongiorno Tiziana, la chiamo da Vita Sicura. Le nostre analisi indicano un'opportunità perfetta per lei: un pacchetto completo con assicurazione casa, salute e piano pensionistico. Sono soluzioni che si integrano perfettamente con il suo profilo. Lei è già nostra cliente e potremmo proporle condizioni vantaggiose."
10402,Casa+Salute+Pip,"Buongiorno Ubaldo, la chiamo da Vita Sicura. Le nostre analisi indicano un'opportunità perfetta per lei: un pacchetto completo con assicurazione casa, salute e piano pensionistico. Sono soluzioni che si integrano perfettamente con il suo profilo. Lei è già nostra cliente e potremmo proporle condizioni vantaggiose."
10431,Casa+Salute+Pip,"Gentile Flora, le scrivo da Vita Sicura. Le nostre analisi indicano un'opportunità perfetta per lei: un pacchetto completo con assicurazione casa, salute e piano pensionistico. Sono soluzioni che si integrano perfettamente con il suo profilo. Lei è già nostra cliente e potremmo proporle condizioni vantaggiose."
10554,Casa,"Gentile Saverio, le scrivo da Vita Sicura. Proteggere la propria casa è fondamentale. Abbiamo soluzioni su misura per lei. Lei è già nostra cliente e potremmo proporle condizioni vantaggiose."
10803,Casa+Salute+Pip,"Buongiorno Pierluigi, la chiamo da Vita Sicura. Le nostre analisi indicano un'opportunità perfetta per lei: un pacchetto completo con assicurazione casa, salute e piano pensionistico. Sono soluzioni che si integrano perfettamente con il suo profilo. Lei è già nostra cliente e potremmo proporle condizioni vantaggiose."
10859,Casa,"Buongiorno Rolando, la chiamo da Vita Sicura. Incendi, allagamenti, furti: la polizza Casa Serena la protegge da ogni imprevisto domestico. Lei è già nostra cliente e potremmo proporle condizioni vantaggiose."
11012,Casa+Salute+Pip,"Buonasera Letizia, la contatto per conto di Vita Sicura. Le nostre analisi indicano un'opportunità perfetta per lei: un pacchetto completo con assicurazione casa, salute e piano pensionistico. Sono soluzioni che si integrano perfettamente con il suo profilo. Lei è già nostra cliente e potremmo proporle condizioni vantaggiose."
11036,Casa+Salute+Pip,"Buonasera Eraldo, la contatto per conto di Vita Sicura. Le nostre analisi indicano un'opportunità perfetta per lei: un pacchetto completo con assicurazione casa, salute e piano pensionistico. Sono soluzioni che si integrano perfettamente con il suo profilo. Lei è già nostra cliente e potremmo proporle condizioni vantaggiose."
11048,Casa+Salute+Pip,"Salve Alessandra, sono un consulente di Vita Sicura. Le nostre analisi indicano un'opportunità perfetta per lei: un pacchetto completo con assicurazione casa, salute e piano pensionistico. Sono soluzioni che si integrano perfettamente con il suo profilo. Lei è già nostra cliente e potremmo proporle condizioni vantaggiose."
11060,Casa+Salute+Pip,"Buongiorno Galasso, la chiamo da Vita Sicura. Le nostre analisi indicano un'opportunità perfetta per lei: un pacchetto completo con assicurazione casa, salute e piano pensionistico. Sono soluzioni che si integrano perfettamente con il suo profilo. Lei è già nostra cliente e potremmo proporle condizioni vantaggiose."
11209,Casa+Salute+Pip,"Buonasera Caterina, la contatto per conto di Vita Sicura. Le nostre analisi indicano un'opportunità perfetta per lei: un pacchetto completo con assicurazione casa, salute e piano pensionistico. Sono soluzioni che si integrano perfettamente con il suo profilo. Lei è già nostra cliente e potremmo proporle condizioni vantaggiose."
11240,Casa+Salute+Pip,"Gentile Margherita, le scrivo da Vita Sicura. Le nostre analisi indicano un'opportunità perfetta per lei: un pacchetto completo con assicurazione casa, salute e piano pensionistico. Sono soluzioni che si integrano perfettamente con il suo profilo. Lei è già nostra cliente e potremmo proporle condizioni vantaggiose."
11327,Casa,"Buonasera Vincenzo, la contatto per conto di Vita Sicura. Gli eventi meteorologici estremi nella sua zona sono in aumento. Una polizza casa la proteggerebbe da danni imprevisti. Lei è già nostra cliente e potremmo proporle condizioni vantaggiose."
11356,Casa+Salute+Pip,"Buongiorno Venancio, la chiamo da Vita Sicura. Le nostre analisi indicano un'opportunità perfetta per lei: un pacchetto completo con assicurazione casa, salute e piano pensionistico. Sono soluzioni che si integrano perfettamente con il suo profilo. Lei è già nostra cliente e potremmo proporle condizioni vantaggiose."
11379,Casa+Salute+Pip,"Gentile Aurora, le scrivo da Vita Sicura. Le nostre analisi indicano un'opportunità perfetta per lei: un pacchetto completo con assicurazione casa, salute e piano pensionistico. Sono soluzioni che si integrano perfettamente con il suo profilo. Lei è già nostra cliente e potremmo proporle condizioni vantaggiose."
11425,Casa,"Salve Ornella, sono un consulente di Vita Sicura. Proteggere la propria casa è fondamentale. Abbiamo soluzioni su misura per lei. Lei è già nostra cliente e potremmo proporle condizioni vantaggiose."
11525,Casa,"Gentile Riccardo, le scrivo da Vita Sicura. La sua abitazione merita la migliore protezione. Le proponiamo una copertura completa per la casa. Lei è già nostra cliente e potremmo proporle condizioni vantaggiose."
11605,Casa+Salute+Pip,"Gentile Annamaria, le scrivo da Vita Sicura. Le nostre analisi indicano un'opportunità perfetta per lei: un pacchetto completo con assicurazione casa, salute e piano pensionistico. Sono soluzioni che si integrano perfettamente con il suo profilo. Lei è già nostra cliente e potremmo proporle condizioni vantaggiose."
11683,Casa+Salute+Pip,"Buongiorno Carla, la chiamo da Vita Sicura. Le nostre analisi indicano un'opportunità perfetta per lei: un pacchetto completo con assicurazione casa, salute e piano pensionistico. Sono soluzioni che si integrano perfettamente con il suo profilo. Lei è già nostra cliente e potremmo proporle condizioni vantaggiose."
11799,Casa+Salute+Pip,"Gentile Gioacchino, le scrivo da Vita Sicura. Le nostre analisi indicano un'opportunità perfetta per lei: un pacchetto completo con assicurazione casa, salute e piano pensionistico. Sono soluzioni che si integrano perfettamente con il suo profilo. Lei è già nostra cliente e potremmo proporle condizioni vantaggiose."
11943,Casa+Salute+Pip,"Buonasera Maria, la contatto per conto di Vita Sicura. Le nostre analisi indicano un'opportunità perfetta per lei: un pacchetto completo con assicurazione casa, salute e piano pensionistico. Sono soluzioni che si integrano perfettamente con il suo profilo. Lei è già nostra cliente e potremmo proporle condizioni vantaggiose."
11973,Casa+Salute+Pip,"Gentile Antonino, le scrivo da Vita Sicura. Le nostre analisi indicano un'opportunità perfetta per lei: un pacchetto completo con assicurazione casa, salute e piano pensionistico. Sono soluzioni che si integrano perfettamente con il suo profilo. Lei è già nostra cliente e potremmo proporle condizioni vantaggiose."
11981,Casa,"Gentile Piero, le scrivo da Vita Sicura. La sua abitazione merita la migliore protezione. Le proponiamo una copertura completa per la casa. Lei è già nostra cliente e potremmo proporle condizioni vantaggiose."
12089,Casa+Salute,"Salve Patrizio, sono un consulente di Vita Sicura. Abbiamo identificato due prodotti ideali per lei: assicurazione casa e salute. La sua abitazione merita la migliore protezione. Le proponiamo una copertura completa per la casa. Inoltre, la copertura sanitaria è essenziale per la sua tranquillità. Lei è già nostra cliente e potremmo proporle condizioni vantaggiose."
12144,Casa+Salute+Pip,"Salve Fiorino, sono un consulente di Vita Sicura. Le nostre analisi indicano un'opportunità perfetta per lei: un pacchetto completo con assicurazione casa, salute e piano pensionistico. Sono soluzioni che si integrano perfettamente con il suo profilo. Lei è già nostra cliente e potremmo proporle condizioni vantaggiose."
12150,Casa+Salute+Pip,"Salve Federico, sono un consulente di Vita Sicura. Le nostre analisi indicano un'opportunità perfetta per lei: un pacchetto completo con assicurazione casa, salute e piano pensionistico. Sono soluzioni che si integrano perfettamente con il suo profilo. Lei è già nostra cliente e potremmo proporle condizioni vantaggiose."
12153,Casa+Salute+Pip,"Gentile Griselda, le scrivo da Vita Sicura. Le nostre analisi indicano un'opportunità perfetta per lei: un pacchetto completo con assicurazione casa, salute e piano pensionistico. Sono soluzioni che si integrano perfettamente con il suo profilo. Lei è già nostra cliente e potremmo proporle condizioni vantaggiose."
12235,Casa+Salute+Pip,"Buongiorno Amedeo, la chiamo da Vita Sicura. Le nostre analisi indicano un'opportunità perfetta per lei: un pacchetto completo con assicurazione casa, salute e piano pensionistico. Sono soluzioni che si integrano perfettamente con il suo profilo. Lei è già nostra cliente e potremmo proporle condizioni vantaggiose."
12237,Casa+Salute+Pip,"Buongiorno Mattia, la chiamo da Vita Sicura. Le nostre analisi indicano un'opportunità perfetta per lei: un pacchetto completo con assicurazione casa, salute e piano pensionistico. Sono soluzioni che si integrano perfettamente con il suo profilo. Lei è già nostra cliente e potremmo proporle condizioni vantaggiose."
12786,Casa+Salute+Pip,"Gentile Lucia, le scrivo da Vita Sicura. Le nostre analisi indicano un'opportunità perfetta per lei: un pacchetto completo con assicurazione casa, salute e piano pensionistico. Sono soluzioni che si integrano perfettamente con il suo profilo. Lei è già nostra cliente e potremmo proporle condizioni vantaggiose."
12826,Casa,"Buonasera Flora, la contatto per conto di Vita Sicura. La sua abitazione merita la migliore protezione. Le proponiamo una copertura completa per la casa. Lei è già nostra cliente e potremmo proporle condizioni vantaggiose."
12998,Casa,"Buongiorno Dario, la chiamo da Vita Sicura. Proteggere la propria casa è fondamentale. Abbiamo soluzioni su misura per lei. Lei è già nostra cliente e potremmo proporle condizioni vantaggiose."
13249,Casa+Salute+Pip,"Salve Amadeo, sono un consulente di Vita Sicura. Le nostre analisi indicano un'opportunità perfetta per lei: un pacchetto completo con assicurazione casa, salute e piano pensionistico. Sono soluzioni che si integrano perfettamente con il suo profilo. Lei è già nostra cliente e potremmo proporle condizioni vantaggiose."
13250,Casa+Salute+Pip,"Gentile Cesare, le scrivo da Vita Sicura. Le nostre analisi indicano un'opportunità perfetta per lei: un pacchetto completo con assicurazione casa, salute e piano pensionistico. Sono soluzioni che si integrano perfettamente con il suo profilo. Lei è già nostra cliente e potremmo proporle condizioni vantaggiose."
13559,Casa,"Buongiorno Edoardo, la chiamo da Vita Sicura. Proteggere la propria casa è fondamentale. Abbiamo soluzioni su misura per lei. Lei è già nostra cliente e potremmo proporle condizioni vantaggiose."
13610,Casa+Salute+Pip,"Buonasera Sonia, la contatto per conto di Vita Sicura. Le nostre analisi indicano un'opportunità perfetta per lei: un pacchetto completo con assicurazione casa, salute e piano pensionistico. Sono soluzioni che si integrano perfettamente con il suo profilo. Lei è già nostra cliente e potremmo proporle condizioni vantaggiose."
13756,Casa+Salute+Pip,"Buongiorno Piersanti, la chiamo da Vita Sicura. Le nostre analisi indicano un'opportunità perfetta per lei: un pacchetto completo con assicurazione casa, salute e piano pensionistico. Sono soluzioni che si integrano perfettamente con il suo profilo. Lei è già nostra cliente e potremmo proporle condizioni vantaggiose."
14004,Casa+Salute+Pip,"Gentile Girolamo, le scrivo da Vita Sicura. Le nostre analisi indicano un'opportunità perfetta per lei: un pacchetto completo con assicurazione casa, salute e piano pensionistico. Sono soluzioni che si integrano perfettamente con il suo profilo. Lei è già nostra cliente e potremmo proporle condizioni vantaggiose."
14098,Casa+Salute+Pip,"Buongiorno Liliana, la chiamo da Vita Sicura. Le nostre analisi indicano un'opportunità perfetta per lei: un pacchetto completo con assicurazione casa, salute e piano pensionistico. Sono soluzioni che si integrano perfettamente con il suo profilo. Lei è già nostra cliente e potremmo proporle condizioni vantaggiose."
14219,Casa+Salute+Pip,"Buonasera Laura, la contatto per conto di Vita Sicura. Le nostre analisi indicano un'opportunità perfetta per lei: un pacchetto completo con assicurazione casa, salute e piano pensionistico. Sono soluzioni che si integrano perfettamente con il suo profilo. Lei è già nostra cliente e potremmo proporle condizioni vantaggiose."
14234,Casa+Salute+Pip,"Gentile Goffredo, le scrivo da Vita Sicura. Le nostre analisi indicano un'opportunità perfetta per lei: un pacchetto completo con assicurazione casa, salute e piano pensionistico. Sono soluzioni che si integrano perfettamente con il suo profilo. Lei è già nostra cliente e potremmo proporle condizioni vantaggiose."
14339,Casa,"Buongiorno Diana, la chiamo da Vita Sicura. La sua abitazione merita la migliore protezione. Le proponiamo una copertura completa per la casa. Lei è già nostra cliente e potremmo proporle condizioni vantaggiose."
14499,Casa+Salute+Pip,"Buonasera Gilberto, la contatto per conto di Vita Sicura. Le nostre analisi indicano un'opportunità perfetta per lei: un pacchetto completo con assicurazione casa, salute e piano pensionistico. Sono soluzioni che si integrano perfettamente con il suo profilo. Lei è già nostra cliente e potremmo proporle condizioni vantaggiose."
14513,Casa+Salute+Pip,"Buongiorno Adamo, la chiamo da Vita Sicura. Le nostre analisi indicano un'opportunità perfetta per lei: un pacchetto completo con assicurazione casa, salute e piano pensionistico. Sono soluzioni che si integrano perfettamente con il suo profilo. Lei è già nostra cliente e potremmo proporle condizioni vantaggiose."
14576,Casa,"Gentile Pierina, le scrivo da Vita Sicura. La sua abitazione merita la migliore protezione. Le proponiamo una copertura completa per la casa. Lei è già nostra cliente e potremmo proporle condizioni vantaggiose."
14730,Casa+Salute+Pip,"Gentile Lidia, le scrivo da Vita Sicura. Le nostre analisi indicano un'opportunità perfetta per lei: un pacchetto completo con assicurazione casa, salute e piano pensionistico. Sono soluzioni che si integrano perfettamente con il suo profilo. Lei è già nostra cliente e potremmo proporle condizioni vantaggiose."
14907,Casa+Salute+Pip,"Buongiorno Atenulf, la chiamo da Vita Sicura. Le nostre analisi indicano un'opportunità perfetta per lei: un pacchetto completo con assicurazione casa, salute e piano pensionistico. Sono soluzioni che si integrano perfettamente con il suo profilo. Lei è già nostra cliente e potremmo proporle condizioni vantaggiose."
14914,Casa+Salute+Pip,"Gentile Berenice, le scrivo da Vita Sicura. Le nostre analisi indicano un'opportunità perfetta per lei: un pacchetto completo con assicurazione casa, salute e piano pensionistico. Sono soluzioni che si integrano perfettamente con il suo profilo. Lei è già nostra cliente e potremmo proporle condizioni vantaggiose."
15022,Casa+Salute+Pip,"Buongiorno Bettina, la chiamo da Vita Sicura. Le nostre analisi indicano un'opportunità perfetta per lei: un pacchetto completo con assicurazione casa, salute e piano pensionistico. Sono soluzioni che si integrano perfettamente con il suo profilo. Lei è già nostra cliente e potremmo proporle condizioni vantaggiose."
15136,Casa+Salute+Pip,"Buonasera Romolo, la contatto per conto di Vita Sicura. Le nostre analisi indicano un'opportunità perfetta per lei: un pacchetto completo con assicurazione casa, salute e piano pensionistico. Sono soluzioni che si integrano perfettamente con il suo profilo. Lei è già nostra cliente e potremmo proporle condizioni vantaggiose."
15287,Casa+Salute+Pip,"Gentile Gaetano, le scrivo da Vita Sicura. Le nostre analisi indicano un'opportunità perfetta per lei: un pacchetto completo con assicurazione casa, salute e piano pensionistico. Sono soluzioni che si integrano perfettamente con il suo profilo. Lei è già nostra cliente e potremmo proporle condizioni vantaggiose."
15406,Casa+Salute+Pip,"Gentile Daniele, le scrivo da Vita Sicura. Le nostre analisi indicano un'opportunità perfetta per lei: un pacchetto completo con assicurazione casa, salute e piano pensionistico. Sono soluzioni che si integrano perfettamente con il suo profilo. Lei è già nostra cliente e potremmo proporle condizioni vantaggiose."
15568,Casa+Salute+Pip,"Gentile Riccardo, le scrivo da Vita Sicura. Le nostre analisi indicano un'opportunità perfetta per lei: un pacchetto completo con assicurazione casa, salute e piano pensionistico. Sono soluzioni che si integrano perfettamente con il suo profilo. Lei è già nostra cliente e potremmo proporle condizioni vantaggiose."
15708,Casa,"Buonasera Giacinto, la contatto per conto di Vita Sicura. La sua abitazione merita la migliore protezione. Le proponiamo una copertura completa per la casa. Lei è già nostra cliente e potremmo proporle condizioni vantaggiose."
15826,Casa,"Buonasera Nadia, la contatto per conto di Vita Sicura. Gli eventi meteorologici estremi nella sua zona sono in aumento. Una polizza casa la proteggerebbe da danni imprevisti. Lei è già nostra cliente e potremmo proporle condizioni vantaggiose."
15888,Casa,"Gentile Lucia, le scrivo da Vita Sicura. Incendi, allagamenti, furti: la polizza Casa Serena la protegge da ogni imprevisto domestico. Lei è già nostra cliente e potremmo proporle condizioni vantaggiose."
15916,Casa+Salute+Pip,"Buonasera Ottone, la contatto per conto di Vita Sicura. Le nostre analisi indicano un'opportunità perfetta per lei: un pacchetto completo con assicurazione casa, salute e piano pensionistico. Sono soluzioni che si integrano perfettamente con il suo profilo. Lei è già nostra cliente e potremmo proporle condizioni vantaggiose."
15930,Casa+Salute+Pip,"Salve Isabella, sono un consulente di Vita Sicura. Le nostre analisi indicano un'opportunità perfetta per lei: un pacchetto completo con assicurazione casa, salute e piano pensionistico. Sono soluzioni che si integrano perfettamente con il suo profilo. Lei è già nostra cliente e potremmo proporle condizioni vantaggiose."
15947,Casa,"Buonasera Ermes, la contatto per conto di Vita Sicura. Incendi, allagamenti, furti: la polizza Casa Serena la protegge da ogni imprevisto domestico. Lei è già nostra cliente e potremmo proporle condizioni vantaggiose."
15979,Casa+Salute+Pip,"Buonasera Antonello, la contatto per conto di Vita Sicura. Le nostre analisi indicano un'opportunità perfetta per lei: un pacchetto completo con assicurazione casa, salute e piano pensionistico. Sono soluzioni che si integrano perfettamente con il suo profilo. Lei è già nostra cliente e potremmo proporle condizioni vantaggiose."
16261,Casa+Salute,"Gentile Ermes, le scrivo da Vita Sicura. Abbiamo identificato due prodotti ideali per lei: assicurazione casa e salute. Gli eventi meteorologici estremi nella sua zona sono in aumento. Una polizza casa la proteggerebbe da danni imprevisti. Inoltre, la copertura sanitaria è essenziale per la sua tranquillità. Lei è già nostra cliente e potremmo proporle condizioni vantaggiose."
16280,Casa,"Gentile Claudia, le scrivo da Vita Sicura. Proteggere la propria casa è fondamentale. Abbiamo soluzioni su misura per lei. Lei è già nostra cliente e potremmo proporle condizioni vantaggiose."
16285,Casa,"Salve Diana, sono un consulente di Vita Sicura. Proteggere la propria casa è fondamentale. Abbiamo soluzioni su misura per lei. Lei è già nostra cliente e potremmo proporle condizioni vantaggiose."
16507,Casa+Salute+Pip,"Buonasera Raffaele, la contatto per conto di Vita Sicura. Le nostre analisi indicano un'opportunità perfetta per lei: un pacchetto completo con assicurazione casa, salute e piano pensionistico. Sono soluzioni che si integrano perfettamente con il suo profilo. Lei è già nostra cliente e potremmo proporle condizioni vantaggiose."
16548,Casa+Salute+Pip,"Salve Viridiana, sono un consulente di Vita Sicura. Le nostre analisi indicano un'opportunità perfetta per lei: un pacchetto completo con assicurazione casa, salute e piano pensionistico. Sono soluzioni che si integrano perfettamente con il suo profilo. Lei è già nostra cliente e potremmo proporle condizioni vantaggiose."
16557,Casa+Salute+Pip,"Salve Giacinto, sono un consulente di Vita Sicura. Le nostre analisi indicano un'opportunità perfetta per lei: un pacchetto completo con assicurazione casa, salute e piano pensionistico. Sono soluzioni che si integrano perfettamente con il suo profilo. Lei è già nostra cliente e potremmo proporle condizioni vantaggiose."
16570,Casa+Salute+Pip,"Buongiorno Livia, la chiamo da Vita Sicura. Le nostre analisi indicano un'opportunità perfetta per lei: un pacchetto completo con assicurazione casa, salute e piano pensionistico. Sono soluzioni che si integrano perfettamente con il suo profilo. Lei è già nostra cliente e potremmo proporle condizioni vantaggiose."
16619,Casa+Salute+Pip,"Buonasera Piergiorgio, la contatto per conto di Vita Sicura. Le nostre analisi indicano un'opportunità perfetta per lei: un pacchetto completo con assicurazione casa, salute e piano pensionistico. Sono soluzioni che si integrano perfettamente con il suo profilo. Lei è già nostra cliente e potremmo proporle condizioni vantaggiose."
16981,Casa+Salute+Pip,"Buonasera Guido, la contatto per conto di Vita Sicura. Le nostre analisi indicano un'opportunità perfetta per lei: un pacchetto completo con assicurazione casa, salute e piano pensionistico. Sono soluzioni che si integrano perfettamente con il suo profilo. Lei è già nostra cliente e potremmo proporle condizioni vantaggiose."
16994,Casa,"Buonasera Adriano, la contatto per conto di Vita Sicura. La sua abitazione merita la migliore protezione. Le proponiamo una copertura completa per la casa. Lei è già nostra cliente e potremmo proporle condizioni vantaggiose."
17059,Casa+Salute+Pip,"Salve Gianpaolo, sono un consulente di Vita Sicura. Le nostre analisi indicano un'opportunità perfetta per lei: un pacchetto completo con assicurazione casa, salute e piano pensionistico. Sono soluzioni che si integrano perfettamente con il suo profilo. Lei è già nostra cliente e potremmo proporle condizioni vantaggiose."
17088,Casa,"Salve Gionata, sono un consulente di Vita Sicura. Incendi, allagamenti, furti: la polizza Casa Serena la protegge da ogni imprevisto domestico. Lei è già nostra cliente e potremmo proporle condizioni vantaggiose."
17149,Casa,"Buonasera Piersanti, la contatto per conto di Vita Sicura. La sua abitazione merita la migliore protezione. Le proponiamo una copertura completa per la casa. Lei è già nostra cliente e potremmo proporle condizioni vantaggiose."
17311,Casa,"Buongiorno Irma, la chiamo da Vita Sicura. Proteggere la propria casa è fondamentale. Abbiamo soluzioni su misura per lei. Lei è già nostra cliente e potremmo proporle condizioni vantaggiose."
17570,Casa+Salute+Pip,"Buonasera Emma, la contatto per conto di Vita Sicura. Le nostre analisi indicano un'opportunità perfetta per lei: un pacchetto completo con assicurazione casa, salute e piano pensionistico. Sono soluzioni che si integrano perfettamente con il suo profilo. Lei è già nostra cliente e potremmo proporle condizioni vantaggiose."
17890,Casa+Salute+Pip,"Buongiorno Lodovico, la chiamo da Vita Sicura. Le nostre analisi indicano un'opportunità perfetta per lei: un pacchetto completo con assicurazione casa, salute e piano pensionistico. Sono soluzioni che si integrano perfettamente con il suo profilo. Lei è già nostra cliente e potremmo proporle condizioni vantaggiose."
18085,Casa+Salute+Pip,"Salve Augusto, sono un consulente di Vita Sicura. Le nostre analisi indicano un'opportunità perfetta per lei: un pacchetto completo con assicurazione casa, salute e piano pensionistico. Sono soluzioni che si integrano perfettamente con il suo profilo. Lei è già nostra cliente e potremmo proporle condizioni vantaggiose."
18099,Casa+Salute+Pip,"Gentile Sebastiano, le scrivo da Vita Sicura. Le nostre analisi indicano un'opportunità perfetta per lei: un pacchetto completo con assicurazione casa, salute e piano pensionistico. Sono soluzioni che si integrano perfettamente con il suo profilo. Lei è già nostra cliente e potremmo proporle condizioni vantaggiose."
18229,Casa+Salute+Pip,"Buonasera Danilo, la contatto per conto di Vita Sicura. Le nostre analisi indicano un'opportunità perfetta per lei: un pacchetto completo con assicurazione casa, salute e piano pensionistico. Sono soluzioni che si integrano perfettamente con il suo profilo. Lei è già nostra cliente e potremmo proporle condizioni vantaggiose."
18230,Casa+Salute+Pip,"Gentile Marisa, le scrivo da Vita Sicura. Le nostre analisi indicano un'opportunità perfetta per lei: un pacchetto completo con assicurazione casa, salute e piano pensionistico. Sono soluzioni che si integrano perfettamente con il suo profilo. Lei è già nostra cliente e potremmo proporle condizioni vantaggiose."
18273,Casa+Salute,"Buonasera Letizia, la contatto per conto di Vita Sicura. Abbiamo identificato due prodotti ideali per lei: assicurazione casa e salute. Proteggere la propria casa è fondamentale. Abbiamo soluzioni su misura per lei. Inoltre, la copertura sanitaria è essenziale per la sua tranquillità. Lei è già nostra cliente e potremmo proporle condizioni vantaggiose."
18292,Casa,"Salve Ludovico, sono un consulente di Vita Sicura. Proteggere la propria casa è fondamentale. Abbiamo soluzioni su misura per lei. Lei è già nostra cliente e potremmo proporle condizioni vantaggiose."
18385,Casa,"Buonasera Goffredo, la contatto per conto di Vita Sicura. Gli eventi meteorologici estremi nella sua zona sono in aumento. Una polizza casa la proteggerebbe da danni imprevisti. Lei è già nostra cliente e potremmo proporle condizioni vantaggiose."
18430,Casa+Salute+Pip,"Salve Goffredo, sono un consulente di Vita Sicura. Le nostre analisi indicano un'opportunità perfetta per lei: un pacchetto completo con assicurazione casa, salute e piano pensionistico. Sono soluzioni che si integrano perfettamente con il suo profilo. Lei è già nostra cliente e potremmo proporle condizioni vantaggiose."
18432,Casa,"Buongiorno Liberto, la chiamo da Vita Sicura. Gli eventi meteorologici estremi nella sua zona sono in aumento. Una polizza casa la proteggerebbe da danni imprevisti. Lei è già nostra cliente e potremmo proporle condizioni vantaggiose."
18730,Casa,"Buonasera Ettore, la contatto per conto di Vita Sicura. Proteggere la propria casa è fondamentale. Abbiamo soluzioni su misura per lei. Lei è già nostra cliente e potremmo proporle condizioni vantaggiose."
19046,Casa+Salute+Pip,"Gentile Gionata, le scrivo da Vita Sicura. Le nostre analisi indicano un'opportunità perfetta per lei: un pacchetto completo con assicurazione casa, salute e piano pensionistico. Sono soluzioni che si integrano perfettamente con il suo profilo. Lei è già nostra cliente e potremmo proporle condizioni vantaggiose."
19058,Casa+Salute+Pip,"Salve Germana, sono un consulente di Vita Sicura. Le nostre analisi indicano un'opportunità perfetta per lei: un pacchetto completo con assicurazione casa, salute e piano pensionistico. Sono soluzioni che si integrano perfettamente con il suo profilo. Lei è già nostra cliente e potremmo proporle condizioni vantaggiose."
19059,Casa+Salute+Pip,"Buongiorno Baccio, la chiamo da Vita Sicura. Le nostre analisi indicano un'opportunità perfetta per lei: un pacchetto completo con assicurazione casa, salute e piano pensionistico. Sono soluzioni che si integrano perfettamente con il suo profilo. Lei è già nostra cliente e potremmo proporle condizioni vantaggiose."
19209,Casa+Salute+Pip,"Salve Susanna, sono un consulente di Vita Sicura. Le nostre analisi indicano un'opportunità perfetta per lei: un pacchetto completo con assicurazione casa, salute e piano pensionistico. Sono soluzioni che si integrano perfettamente con il suo profilo. Lei è già nostra cliente e potremmo proporle condizioni vantaggiose."
19303,Casa+Salute+Pip,"Buonasera Graziella, la contatto per conto di Vita Sicura. Le nostre analisi indicano un'opportunità perfetta per lei: un pacchetto completo con assicurazione casa, salute e piano pensionistico. Sono soluzioni che si integrano perfettamente con il suo profilo. Lei è già nostra cliente e potremmo proporle condizioni vantaggiose."
19447,Casa+Salute+Pip,"Buonasera Francesca, la contatto per conto di Vita Sicura. Le nostre analisi indicano un'opportunità perfetta per lei: un pacchetto completo con assicurazione casa, salute e piano pensionistico. Sono soluzioni che si integrano perfettamente con il suo profilo. Lei è già nostra cliente e potremmo proporle condizioni vantaggiose."
